"UTC日期","来源","明细在留存范围内","观测访客","入口会话","上线后可测会话","新注册会话","新账号数","注册转化率","同会话注册后成功发布","范围"
"2026-09-04","自然搜索","false","","","","","","","","完整日"
"2026-09-04","AI 引荐","false","","","","","","","","完整日"
"2026-09-05","自然搜索","true","0","0","0","","","","","完整日"
"2026-09-05","AI 引荐","true","0","0","0","","","","","完整日"
"2026-09-06","自然搜索","true","0","0","0","","","","","完整日"
"2026-09-06","AI 引荐","true","0","0","0","","","","","完整日"
"2026-09-07","自然搜索","true","0","0","0","","","","","完整日"
"2026-09-07","AI 引荐","true","0","0","0","","","","","完整日"
"2026-09-08","自然搜索","true","0","0","0","","","","","完整日"
"2026-09-08","AI 引荐","true","0","0","0","","","","","完整日"
"2026-09-09","自然搜索","true","0","0","0","","","","","完整日"
"2026-09-09","AI 引荐","true","0","0","0","","","","","完整日"
"2026-09-10","自然搜索","true","0","0","0","","","","","完整日"
"2026-09-10","AI 引荐","true","0","0","0","","","","","完整日"
"2026-09-11","自然搜索","true","0","0","0","","","","","完整日"
"2026-09-11","AI 引荐","true","0","0","0","","","","","完整日"
"2026-09-12","自然搜索","true","0","0","0","","","","","完整日"
"2026-09-12","AI 引荐","true","0","0","0","","","","","完整日"
"2026-09-13","自然搜索","true","0","0","0","","","","","完整日"
"2026-09-13","AI 引荐","true","0","0","0","","","","","完整日"
"2026-09-14","自然搜索","true","0","0","0","","","","","完整日"
"2026-09-14","AI 引荐","true","0","0","0","","","","","完整日"
"2026-09-15","自然搜索","true","0","0","0","","","","","完整日"
"2026-09-15","AI 引荐","true","0","0","0","","","","","完整日"
"2026-09-16","自然搜索","true","1","1","0","","","","","完整日"
"2026-09-16","AI 引荐","true","0","0","0","","","","","完整日"
"2026-09-17","自然搜索","true","0","0","0","","","","","完整日"
"2026-09-17","AI 引荐","true","0","0","0","","","","","完整日"
"2026-09-18","自然搜索","true","0","0","0","","","","","完整日"
"2026-09-18","AI 引荐","true","0","0","0","","","","","完整日"
"2026-09-19","自然搜索","true","2","2","0","","","","","完整日"
"2026-09-19","AI 引荐","true","0","0","0","","","","","完整日"
"2026-09-20","自然搜索","true","0","0","0","","","","","完整日"
"2026-09-20","AI 引荐","true","0","0","0","","","","","完整日"
"2026-09-21","自然搜索","true","2","2","0","","","","","完整日"
"2026-09-21","AI 引荐","true","0","0","0","","","","","完整日"
"2026-09-22","自然搜索","true","1","2","0","","","","","完整日"
"2026-09-22","AI 引荐","true","0","0","0","","","","","完整日"
"2026-09-23","自然搜索","true","2","2","0","","","","","完整日"
"2026-09-23","AI 引荐","true","0","0","0","","","","","完整日"
"2026-09-24","自然搜索","true","6","13","0","","","","","完整日"
"2026-09-24","AI 引荐","true","0","0","0","","","","","完整日"
"2026-09-25","自然搜索","true","0","0","0","","","","","完整日"
"2026-09-25","AI 引荐","true","0","0","0","","","","","完整日"
"2026-09-26","自然搜索","true","3","3","0","","","","","完整日"
"2026-09-26","AI 引荐","true","0","0","0","","","","","完整日"
"2026-09-27","自然搜索","true","2","2","0","","","","","完整日"
"2026-09-27","AI 引荐","true","0","0","0","","","","","完整日"
"2026-09-28","自然搜索","true","3","3","0","","","","","完整日"
"2026-09-28","AI 引荐","true","0","0","0","","","","","完整日"
"2026-09-29","自然搜索","true","0","0","0","","","","","完整日"
"2026-09-29","AI 引荐","true","0","0","0","","","","","完整日"
"2026-09-30","自然搜索","true","0","0","0","","","","","完整日"
"2026-09-30","AI 引荐","true","0","0","0","","","","","完整日"
"2026-10-01","自然搜索","true","0","0","0","","","","","完整日"
"2026-10-01","AI 引荐","true","0","0","0","","","","","完整日"
"2026-10-02","自然搜索","true","0","0","0","","","","","完整日"
"2026-10-02","AI 引荐","true","0","0","0","","","","","完整日"
"2026-10-03","自然搜索","true","1","1","1","0","0","0","0","完整日"
"2026-10-03","AI 引荐","true","0","0","0","0","0","","","完整日"
"2026-10-04","自然搜索","true","2","3","3","0","0","0","0","今日未完成"
"2026-10-04","AI 引荐","true","0","0","0","0","0","","","今日未完成"